{"songName":"Beat it","songSubName":"Michael Jackson","authorName":"Freeek","beatsPerMinute":139,"previewStartTime":12,"previewDuration":10,"coverImagePath":"cover.jpg","environmentName":"TriangleEnvironment","difficultyLevels":[{"difficulty":"Expert","difficultyRank":4,"audioPath":"Beat it.ogg","jsonPath":"Expert.json","offset":-570,"oldOffset":-570},{"difficulty":"Hard","difficultyRank":4,"audioPath":"Beat it.ogg","jsonPath":"Hard.json","offset":-570,"oldOffset":-570},{"difficulty":"Normal","difficultyRank":4,"audioPath":"Beat it.ogg","jsonPath":"Normal.json","offset":-570,"oldOffset":-570},{"difficulty":"Easy","difficultyRank":4,"audioPath":"Beat it.ogg","jsonPath":"Easy.json","offset":-570,"oldOffset":-570}]}